{
  "Good dogs are faithful companions.": [1.0, 0.0, 0.0, 0.0],
  "All questions or topics about dogs.": [0.9, 0.1, 0.0, 0.0],
  "Mathematics is the study of numbers.": [0.0, 1.0, 0.0, 0.0],
  "Excellent mathematical solution.": [0.0, 0.9, 0.1, 0.0],
  "The sum of 1 + 1 is 2.": [0.0, 0.85, 0.15, 0.0],
  "Science explores the natural world.": [0.0, 0.8, 0.2, 0.0],
  "Paris is the capital of France.": [0.0, 0.0, 0.0, 1.0],
  "All questions or topics about Tesla.": [-0.7234567, 0.23456789, -0.34567890, -0.45678901],
  "All questions or topics about Facebook.": [-0.8765432, 0.34567890, -0.45678901, -0.56789012],
  "Tesla makes electric vehicles.": [-0.5432109, -0.65432109, -0.76543210, -0.87654321],
  "Facebook is a social media platform.": [-0.6543210, 0.45678901, -0.56789012, -0.67890123]
}